1,1:?,2:1,,1
2,1:?,2:1,,0.667
3,1:?,2:1,,1
4,1:?,2:1,,1
5,1:?,2:1,,0.667
6,1:?,2:1,,1
7,1:?,2:1,,1
8,1:?,1:-1,,1
9,1:?,2:1,,0.667
10,1:?,1:-1,,0.667
11,1:?,2:1,,1
12,1:?,2:1,,1
13,1:?,2:1,,1
14,1:?,2:1,,0.667
15,1:?,2:1,,0.75
16,1:?,2:1,,0.667
17,1:?,2:1,,1
18,1:?,2:1,,1
19,1:?,2:1,,1
20,1:?,1:-1,,0.667
21,1:?,1:-1,,0.667
22,1:?,1:-1,,0.6
23,1:?,2:1,,1
24,1:?,2:1,,0.667
25,1:?,2:1,,0.667
26,1:?,2:1,,1
27,1:?,1:-1,,0.667
28,1:?,2:1,,1
29,1:?,2:1,,0.667
30,1:?,2:1,,1
31,1:?,2:1,,1
32,1:?,2:1,,0.667
33,1:?,2:1,,1
34,1:?,2:1,,1
35,1:?,2:1,,1
36,1:?,2:1,,0.667
37,1:?,2:1,,1
38,1:?,2:1,,0.667
39,1:?,2:1,,1
40,1:?,2:1,,0.667
41,1:?,2:1,,1
42,1:?,2:1,,1
43,1:?,1:-1,,1
44,1:?,2:1,,1
45,1:?,1:-1,,0.667
46,1:?,2:1,,1
47,1:?,2:1,,1
48,1:?,2:1,,1
49,1:?,1:-1,,0.667
50,1:?,2:1,,1
51,1:?,1:-1,,0.667
52,1:?,2:1,,0.667
53,1:?,2:1,,1
54,1:?,2:1,,1
55,1:?,2:1,,0.667
56,1:?,2:1,,1
57,1:?,2:1,,0.667
58,1:?,2:1,,0.667
59,1:?,2:1,,1
60,1:?,2:1,,1
61,1:?,2:1,,0.667
62,1:?,2:1,,1
63,1:?,2:1,,0.667
64,1:?,2:1,,0.667
65,1:?,2:1,,0.667
66,1:?,2:1,,1
67,1:?,2:1,,0.667
68,1:?,2:1,,0.667
69,1:?,2:1,,0.667
70,1:?,1:-1,,0.667
71,1:?,2:1,,1
72,1:?,2:1,,1
73,1:?,2:1,,0.667
74,1:?,2:1,,0.667
75,1:?,1:-1,,0.667
76,1:?,2:1,,1
77,1:?,2:1,,1
78,1:?,2:1,,0.667
79,1:?,2:1,,0.667
80,1:?,2:1,,1
81,1:?,2:1,,1
82,1:?,1:-1,,0.667
83,1:?,2:1,,1
84,1:?,2:1,,1
85,1:?,2:1,,1
86,1:?,2:1,,0.667
87,1:?,2:1,,1
88,1:?,2:1,,1
89,1:?,1:-1,,0.667
90,1:?,2:1,,0.667
91,1:?,1:-1,,0.667
92,1:?,2:1,,1
93,1:?,2:1,,0.667
94,1:?,2:1,,0.667
95,1:?,2:1,,1
96,1:?,2:1,,0.667
97,1:?,2:1,,0.667
98,1:?,1:-1,,0.667
99,1:?,2:1,,0.667
100,1:?,1:-1,,0.667
101,1:?,2:1,,0.667
102,1:?,1:-1,,0.667
103,1:?,1:-1,,0.667
104,1:?,2:1,,1
105,1:?,2:1,,0.667
106,1:?,2:1,,0.667
107,1:?,2:1,,1
108,1:?,2:1,,1
109,1:?,2:1,,0.667
110,1:?,2:1,,1
111,1:?,1:-1,,0.667
112,1:?,2:1,,0.667
113,1:?,2:1,,0.667
114,1:?,2:1,,1
115,1:?,2:1,,1
116,1:?,2:1,,0.667
117,1:?,2:1,,0.667
118,1:?,2:1,,1
119,1:?,2:1,,0.667
120,1:?,2:1,,1
121,1:?,2:1,,0.667
122,1:?,1:-1,,0.667
123,1:?,2:1,,1
124,1:?,2:1,,1
125,1:?,2:1,,1
126,1:?,2:1,,1
127,1:?,2:1,,1
128,1:?,1:-1,,0.667
129,1:?,2:1,,0.667
130,1:?,2:1,,1
131,1:?,2:1,,0.667
132,1:?,2:1,,0.667
133,1:?,2:1,,1
134,1:?,2:1,,1
135,1:?,2:1,,1
136,1:?,2:1,,1
137,1:?,2:1,,1
138,1:?,2:1,,1
139,1:?,2:1,,1
140,1:?,2:1,,0.75
141,1:?,2:1,,0.667
142,1:?,2:1,,0.667
143,1:?,2:1,,1
144,1:?,2:1,,0.667
145,1:?,2:1,,0.667
146,1:?,2:1,,1
147,1:?,2:1,,1
148,1:?,2:1,,0.667
149,1:?,1:-1,,0.667
150,1:?,2:1,,0.667
151,1:?,2:1,,1
152,1:?,2:1,,1
153,1:?,2:1,,0.667
154,1:?,2:1,,1
155,1:?,2:1,,0.667
156,1:?,2:1,,0.667
157,1:?,2:1,,1
158,1:?,2:1,,1
159,1:?,2:1,,1
160,1:?,2:1,,1
161,1:?,2:1,,1
162,1:?,2:1,,1
163,1:?,2:1,,1
164,1:?,2:1,,1
165,1:?,1:-1,,0.667
166,1:?,1:-1,,1
167,1:?,1:-1,,0.667
168,1:?,2:1,,1
169,1:?,2:1,,0.667
170,1:?,2:1,,0.667
171,1:?,2:1,,0.667
172,1:?,2:1,,1
173,1:?,2:1,,1
174,1:?,2:1,,0.667
175,1:?,2:1,,0.667
176,1:?,2:1,,1
177,1:?,2:1,,1
178,1:?,2:1,,1
179,1:?,1:-1,,0.667
180,1:?,2:1,,0.667
181,1:?,2:1,,1
182,1:?,2:1,,0.667
183,1:?,2:1,,1
184,1:?,2:1,,1
185,1:?,2:1,,0.667
186,1:?,2:1,,0.667
187,1:?,2:1,,1
188,1:?,2:1,,1
189,1:?,2:1,,0.667
190,1:?,2:1,,1
191,1:?,2:1,,0.667
192,1:?,1:-1,,0.667
193,1:?,2:1,,1
194,1:?,1:-1,,0.667
195,1:?,2:1,,1
196,1:?,2:1,,1
197,1:?,2:1,,1
198,1:?,2:1,,1
199,1:?,2:1,,0.667
200,1:?,2:1,,0.667
201,1:?,2:1,,0.667
202,1:?,2:1,,1
203,1:?,2:1,,0.667
204,1:?,2:1,,1
205,1:?,2:1,,1
206,1:?,1:-1,,0.667
207,1:?,2:1,,1
208,1:?,2:1,,1
209,1:?,2:1,,1
210,1:?,2:1,,1
211,1:?,2:1,,1
212,1:?,2:1,,0.667
213,1:?,2:1,,0.667
214,1:?,2:1,,0.667
215,1:?,2:1,,1
216,1:?,2:1,,1
217,1:?,1:-1,,0.667
218,1:?,2:1,,1
219,1:?,2:1,,1
220,1:?,2:1,,1
221,1:?,2:1,,1
222,1:?,2:1,,1
223,1:?,2:1,,1
224,1:?,2:1,,1
225,1:?,2:1,,1
226,1:?,2:1,,1
227,1:?,2:1,,0.667
228,1:?,2:1,,1
229,1:?,2:1,,1
230,1:?,2:1,,1
231,1:?,2:1,,1
232,1:?,2:1,,1
233,1:?,2:1,,1
234,1:?,2:1,,1
235,1:?,2:1,,1
236,1:?,2:1,,1
237,1:?,2:1,,1
238,1:?,2:1,,0.667
239,1:?,2:1,,1
240,1:?,2:1,,0.667
241,1:?,2:1,,1
242,1:?,2:1,,0.667
243,1:?,2:1,,0.667
244,1:?,2:1,,0.667
245,1:?,2:1,,1
246,1:?,2:1,,1
247,1:?,2:1,,0.667
248,1:?,2:1,,1
249,1:?,2:1,,1
250,1:?,2:1,,1
251,1:?,2:1,,1
252,1:?,2:1,,1
253,1:?,2:1,,0.667
254,1:?,1:-1,,0.667
255,1:?,2:1,,1
256,1:?,2:1,,1
257,1:?,2:1,,1
258,1:?,2:1,,1
259,1:?,2:1,,1
260,1:?,2:1,,0.667
261,1:?,2:1,,1
262,1:?,1:-1,,0.667
263,1:?,1:-1,,0.667
264,1:?,2:1,,1
265,1:?,2:1,,1
266,1:?,1:-1,,0.667
267,1:?,2:1,,1
268,1:?,1:-1,,0.667
269,1:?,2:1,,1
270,1:?,2:1,,0.667
271,1:?,2:1,,0.667
272,1:?,2:1,,1
273,1:?,2:1,,0.667
274,1:?,2:1,,1
275,1:?,2:1,,1
276,1:?,2:1,,1
277,1:?,2:1,,1
278,1:?,2:1,,1
279,1:?,2:1,,1
280,1:?,2:1,,0.667
281,1:?,2:1,,0.667
282,1:?,2:1,,0.667
283,1:?,2:1,,0.667
284,1:?,2:1,,1
285,1:?,1:-1,,0.667
286,1:?,2:1,,1
287,1:?,2:1,,0.667
288,1:?,2:1,,0.667
289,1:?,2:1,,1
290,1:?,2:1,,0.667
291,1:?,2:1,,0.75
292,1:?,2:1,,1
293,1:?,1:-1,,1
294,1:?,2:1,,0.667
295,1:?,2:1,,0.667
296,1:?,2:1,,0.667
297,1:?,1:-1,,0.667
298,1:?,1:-1,,1
299,1:?,2:1,,1
300,1:?,2:1,,1
301,1:?,2:1,,1
302,1:?,2:1,,1
303,1:?,2:1,,1
304,1:?,2:1,,1
305,1:?,2:1,,0.667
306,1:?,2:1,,1
307,1:?,2:1,,0.667
308,1:?,2:1,,1
309,1:?,2:1,,1
310,1:?,2:1,,0.667
311,1:?,2:1,,0.667
312,1:?,2:1,,0.667
313,1:?,2:1,,1
314,1:?,2:1,,1
315,1:?,2:1,,1
316,1:?,1:-1,,0.667
317,1:?,2:1,,1
318,1:?,1:-1,,0.667
319,1:?,2:1,,0.667
320,1:?,2:1,,0.667
321,1:?,2:1,,1
322,1:?,2:1,,1
323,1:?,2:1,,1
324,1:?,2:1,,0.667
325,1:?,2:1,,0.667
326,1:?,2:1,,0.667
327,1:?,2:1,,0.667
328,1:?,2:1,,1
329,1:?,2:1,,1
330,1:?,2:1,,1
331,1:?,2:1,,1
332,1:?,2:1,,1
333,1:?,2:1,,1
334,1:?,1:-1,,1
335,1:?,2:1,,1
336,1:?,2:1,,1
337,1:?,2:1,,1
338,1:?,2:1,,1
339,1:?,2:1,,1
340,1:?,2:1,,1
341,1:?,2:1,,1
342,1:?,2:1,,1
343,1:?,1:-1,,0.667
344,1:?,1:-1,,1
345,1:?,2:1,,1
346,1:?,2:1,,0.667
347,1:?,2:1,,1
348,1:?,2:1,,0.667
349,1:?,2:1,,1
350,1:?,2:1,,0.667
351,1:?,2:1,,1
352,1:?,2:1,,1
353,1:?,2:1,,0.667
354,1:?,2:1,,0.667
355,1:?,1:-1,,1
356,1:?,2:1,,1
357,1:?,2:1,,1
358,1:?,2:1,,1
359,1:?,1:-1,,0.667
360,1:?,2:1,,1
361,1:?,2:1,,0.667
362,1:?,2:1,,1
363,1:?,2:1,,1
364,1:?,2:1,,1
365,1:?,2:1,,0.667
366,1:?,2:1,,1
367,1:?,2:1,,1
368,1:?,1:-1,,0.667
369,1:?,2:1,,1
370,1:?,2:1,,1
371,1:?,2:1,,1
372,1:?,2:1,,0.667
373,1:?,2:1,,0.667
374,1:?,2:1,,1
375,1:?,2:1,,1
376,1:?,2:1,,1
377,1:?,2:1,,0.667
378,1:?,1:-1,,0.667
379,1:?,2:1,,1
380,1:?,2:1,,0.667
381,1:?,2:1,,1
382,1:?,2:1,,0.667
383,1:?,2:1,,1
384,1:?,2:1,,0.667
385,1:?,1:-1,,0.667
386,1:?,2:1,,0.667
387,1:?,2:1,,0.667
388,1:?,2:1,,1
389,1:?,2:1,,1
390,1:?,2:1,,1
391,1:?,1:-1,,1
392,1:?,2:1,,0.667
393,1:?,1:-1,,0.667
394,1:?,2:1,,0.667
395,1:?,2:1,,0.667
396,1:?,2:1,,1
397,1:?,1:-1,,1
398,1:?,2:1,,0.759
399,1:?,2:1,,1
400,1:?,2:1,,1
401,1:?,2:1,,0.667
402,1:?,2:1,,0.667
403,1:?,1:-1,,0.667
404,1:?,2:1,,1
405,1:?,2:1,,1
406,1:?,2:1,,0.667
407,1:?,1:-1,,0.667
408,1:?,2:1,,1
409,1:?,2:1,,0.667
410,1:?,2:1,,1
411,1:?,2:1,,0.667
412,1:?,2:1,,0.667
413,1:?,2:1,,1
414,1:?,2:1,,0.667
415,1:?,1:-1,,0.667
416,1:?,2:1,,0.667
417,1:?,2:1,,1
418,1:?,1:-1,,0.667
419,1:?,1:-1,,0.667
420,1:?,1:-1,,0.667
421,1:?,2:1,,0.667
422,1:?,2:1,,1
423,1:?,2:1,,1
424,1:?,2:1,,1
425,1:?,2:1,,1
426,1:?,2:1,,1
427,1:?,2:1,,1
428,1:?,2:1,,0.667
429,1:?,2:1,,1
430,1:?,2:1,,1
431,1:?,2:1,,0.667
432,1:?,2:1,,1
433,1:?,2:1,,1
434,1:?,2:1,,1
435,1:?,2:1,,0.667
436,1:?,1:-1,,0.667
437,1:?,1:-1,,1
438,1:?,2:1,,1
439,1:?,1:-1,,1
440,1:?,2:1,,0.667
441,1:?,2:1,,1
442,1:?,2:1,,0.667
443,1:?,2:1,,1
444,1:?,2:1,,1
445,1:?,2:1,,0.667
446,1:?,2:1,,0.667
447,1:?,2:1,,1
448,1:?,2:1,,0.667
449,1:?,1:-1,,0.667
450,1:?,2:1,,0.667
451,1:?,2:1,,1
452,1:?,2:1,,0.667
453,1:?,2:1,,1
454,1:?,2:1,,0.667
455,1:?,2:1,,0.667
456,1:?,2:1,,1
457,1:?,2:1,,1
458,1:?,2:1,,0.667
459,1:?,1:-1,,0.667
460,1:?,2:1,,1
461,1:?,1:-1,,1
462,1:?,2:1,,1
463,1:?,2:1,,1
464,1:?,2:1,,1
465,1:?,2:1,,1
466,1:?,2:1,,1
467,1:?,2:1,,1
468,1:?,2:1,,1
469,1:?,2:1,,0.667
470,1:?,2:1,,0.667
471,1:?,2:1,,1
472,1:?,2:1,,1
473,1:?,2:1,,0.667
474,1:?,2:1,,1
475,1:?,2:1,,1
476,1:?,2:1,,1
477,1:?,1:-1,,1
478,1:?,2:1,,0.667
479,1:?,2:1,,1
480,1:?,2:1,,1
481,1:?,2:1,,1
482,1:?,2:1,,0.741
483,1:?,2:1,,1
484,1:?,2:1,,0.667
485,1:?,2:1,,1
486,1:?,2:1,,1
487,1:?,2:1,,0.667
488,1:?,2:1,,1
489,1:?,2:1,,1
490,1:?,2:1,,1
491,1:?,2:1,,1
492,1:?,2:1,,1
493,1:?,2:1,,0.667
494,1:?,2:1,,1
495,1:?,2:1,,1
496,1:?,2:1,,1
497,1:?,2:1,,1
498,1:?,2:1,,0.667
499,1:?,2:1,,0.667
500,1:?,2:1,,1
501,1:?,2:1,,1
502,1:?,2:1,,1
503,1:?,2:1,,1
504,1:?,2:1,,0.667
505,1:?,2:1,,0.667
506,1:?,2:1,,0.667
507,1:?,2:1,,1
508,1:?,2:1,,0.667
509,1:?,2:1,,1
510,1:?,2:1,,1
511,1:?,2:1,,1
512,1:?,2:1,,1
513,1:?,2:1,,1
514,1:?,2:1,,0.667
515,1:?,2:1,,1
516,1:?,2:1,,1
517,1:?,2:1,,0.667
518,1:?,2:1,,0.667
519,1:?,2:1,,1
520,1:?,2:1,,1
521,1:?,2:1,,0.667
522,1:?,2:1,,1
523,1:?,1:-1,,0.667
524,1:?,2:1,,1
525,1:?,2:1,,1
526,1:?,1:-1,,0.667
527,1:?,2:1,,0.667
528,1:?,1:-1,,0.667
529,1:?,2:1,,1
530,1:?,2:1,,1
531,1:?,2:1,,1
532,1:?,2:1,,1
533,1:?,2:1,,1
534,1:?,1:-1,,1
535,1:?,2:1,,0.667
536,1:?,2:1,,0.667
537,1:?,2:1,,1
538,1:?,2:1,,0.667
539,1:?,2:1,,1
540,1:?,2:1,,1
541,1:?,1:-1,,0.667
542,1:?,2:1,,1
543,1:?,2:1,,1
544,1:?,2:1,,1
545,1:?,2:1,,1
546,1:?,2:1,,1
547,1:?,2:1,,1
548,1:?,2:1,,1
549,1:?,2:1,,0.667
550,1:?,2:1,,1
551,1:?,2:1,,1
552,1:?,2:1,,0.667
553,1:?,2:1,,1
554,1:?,2:1,,0.667
555,1:?,2:1,,0.75
556,1:?,2:1,,1
557,1:?,2:1,,1
558,1:?,2:1,,0.667
559,1:?,2:1,,0.667
560,1:?,2:1,,1
561,1:?,2:1,,1
562,1:?,1:-1,,0.667
563,1:?,2:1,,0.667
564,1:?,1:-1,,0.667
565,1:?,2:1,,0.667
566,1:?,2:1,,1
567,1:?,1:-1,,1
568,1:?,2:1,,1
569,1:?,2:1,,1
570,1:?,1:-1,,0.667
571,1:?,2:1,,1
572,1:?,2:1,,1
573,1:?,1:-1,,0.667
574,1:?,2:1,,1
575,1:?,2:1,,0.667
576,1:?,1:-1,,0.667
577,1:?,1:-1,,0.667
578,1:?,2:1,,1
579,1:?,2:1,,1
580,1:?,1:-1,,1
581,1:?,2:1,,1
582,1:?,1:-1,,0.667
583,1:?,2:1,,1
584,1:?,2:1,,0.667
585,1:?,2:1,,1
586,1:?,2:1,,1
587,1:?,2:1,,0.667
588,1:?,2:1,,1
589,1:?,2:1,,1
590,1:?,2:1,,1
591,1:?,2:1,,1
592,1:?,2:1,,1
593,1:?,1:-1,,0.667
594,1:?,2:1,,0.667
595,1:?,2:1,,0.667
596,1:?,2:1,,1
597,1:?,2:1,,1
598,1:?,2:1,,1
599,1:?,2:1,,0.667
600,1:?,2:1,,0.667
601,1:?,2:1,,1
602,1:?,1:-1,,1
603,1:?,2:1,,0.667
604,1:?,2:1,,1
605,1:?,1:-1,,0.667
606,1:?,2:1,,1
607,1:?,2:1,,0.667
608,1:?,2:1,,1
609,1:?,2:1,,1
610,1:?,2:1,,1
611,1:?,2:1,,0.667
612,1:?,2:1,,1
613,1:?,2:1,,1
614,1:?,2:1,,0.667
615,1:?,1:-1,,0.667
616,1:?,2:1,,0.75
617,1:?,2:1,,1
618,1:?,2:1,,0.667
619,1:?,2:1,,1
620,1:?,2:1,,1
621,1:?,1:-1,,1
622,1:?,2:1,,1
623,1:?,2:1,,1
624,1:?,2:1,,1
625,1:?,1:-1,,0.667
626,1:?,2:1,,1
627,1:?,2:1,,0.667
628,1:?,2:1,,1
629,1:?,2:1,,1
630,1:?,2:1,,1
631,1:?,2:1,,1
632,1:?,2:1,,1
633,1:?,1:-1,,0.667
634,1:?,2:1,,1
635,1:?,1:-1,,0.667
636,1:?,2:1,,1
637,1:?,2:1,,1
638,1:?,2:1,,0.667
639,1:?,1:-1,,0.667
640,1:?,2:1,,1
641,1:?,2:1,,0.667
642,1:?,2:1,,1
643,1:?,2:1,,1
644,1:?,2:1,,1
645,1:?,2:1,,0.667
646,1:?,2:1,,1
647,1:?,2:1,,0.667
648,1:?,2:1,,1
649,1:?,2:1,,1
650,1:?,1:-1,,1
651,1:?,2:1,,0.667
652,1:?,1:-1,,1
653,1:?,2:1,,1
654,1:?,2:1,,0.667
655,1:?,2:1,,0.667
656,1:?,2:1,,0.667
657,1:?,2:1,,0.667
658,1:?,1:-1,,1
659,1:?,2:1,,1
660,1:?,1:-1,,0.667
661,1:?,2:1,,1
662,1:?,2:1,,0.667
663,1:?,2:1,,1
664,1:?,2:1,,1
665,1:?,2:1,,0.667
666,1:?,2:1,,1
667,1:?,2:1,,0.667
668,1:?,1:-1,,0.667
669,1:?,2:1,,0.667
670,1:?,2:1,,0.667
671,1:?,2:1,,1
672,1:?,1:-1,,0.667
673,1:?,2:1,,1
674,1:?,1:-1,,0.667
675,1:?,1:-1,,0.667
676,1:?,2:1,,1
677,1:?,2:1,,1
678,1:?,2:1,,1
679,1:?,2:1,,0.667
680,1:?,2:1,,1
681,1:?,2:1,,1
682,1:?,2:1,,0.667
683,1:?,2:1,,0.667
684,1:?,2:1,,0.667
685,1:?,2:1,,0.667
686,1:?,2:1,,1
687,1:?,2:1,,1
688,1:?,2:1,,1
689,1:?,2:1,,1
690,1:?,2:1,,1
691,1:?,2:1,,0.667
692,1:?,2:1,,1
693,1:?,2:1,,1
694,1:?,2:1,,1
695,1:?,2:1,,1
696,1:?,2:1,,1
697,1:?,2:1,,1
698,1:?,2:1,,0.667
699,1:?,2:1,,0.667
700,1:?,1:-1,,0.667
701,1:?,2:1,,0.667
702,1:?,2:1,,0.667
703,1:?,2:1,,0.667
704,1:?,2:1,,1
705,1:?,2:1,,1
706,1:?,2:1,,0.667
707,1:?,2:1,,0.667
708,1:?,2:1,,1
709,1:?,2:1,,0.667
710,1:?,2:1,,1
711,1:?,2:1,,1
712,1:?,2:1,,1
713,1:?,2:1,,1
714,1:?,2:1,,1
715,1:?,2:1,,1
716,1:?,2:1,,1
717,1:?,1:-1,,0.667
718,1:?,1:-1,,0.667
719,1:?,1:-1,,0.667
720,1:?,2:1,,0.667
721,1:?,2:1,,1
722,1:?,2:1,,0.667
723,1:?,2:1,,0.667
724,1:?,2:1,,1
725,1:?,2:1,,1
726,1:?,1:-1,,0.667
727,1:?,2:1,,0.667
728,1:?,1:-1,,0.667
729,1:?,2:1,,1
730,1:?,2:1,,1
731,1:?,2:1,,0.667
732,1:?,2:1,,1
733,1:?,2:1,,0.667
734,1:?,2:1,,0.667
735,1:?,2:1,,1
736,1:?,2:1,,0.667
737,1:?,2:1,,1
738,1:?,2:1,,1
739,1:?,2:1,,0.667
740,1:?,1:-1,,0.667
741,1:?,2:1,,1
742,1:?,2:1,,1
743,1:?,2:1,,0.667
744,1:?,2:1,,1
745,1:?,2:1,,0.667
746,1:?,1:-1,,0.667
747,1:?,2:1,,1
748,1:?,2:1,,1
749,1:?,2:1,,1
750,1:?,2:1,,0.667
751,1:?,2:1,,1
752,1:?,2:1,,1
753,1:?,2:1,,0.667
754,1:?,2:1,,0.667
755,1:?,2:1,,1
756,1:?,2:1,,1
757,1:?,2:1,,1
758,1:?,2:1,,1
759,1:?,1:-1,,0.667
760,1:?,2:1,,1
761,1:?,2:1,,1
762,1:?,2:1,,0.667
763,1:?,2:1,,0.667
764,1:?,2:1,,1
765,1:?,2:1,,1
766,1:?,2:1,,0.667
767,1:?,2:1,,0.667
768,1:?,2:1,,1
769,1:?,2:1,,0.75
770,1:?,1:-1,,1
771,1:?,2:1,,0.667
772,1:?,2:1,,0.667
773,1:?,2:1,,1
774,1:?,2:1,,1
775,1:?,2:1,,0.667
776,1:?,2:1,,1
777,1:?,2:1,,0.667
778,1:?,2:1,,1
779,1:?,2:1,,0.667
780,1:?,1:-1,,0.667
781,1:?,2:1,,1
782,1:?,1:-1,,0.5
783,1:?,1:-1,,0.667
784,1:?,2:1,,0.667
785,1:?,2:1,,1
786,1:?,2:1,,0.667
787,1:?,1:-1,,0.667
788,1:?,2:1,,1
789,1:?,2:1,,1
790,1:?,2:1,,0.667
791,1:?,2:1,,1
792,1:?,2:1,,1
793,1:?,2:1,,0.667
794,1:?,2:1,,1
795,1:?,2:1,,1
796,1:?,2:1,,1
797,1:?,2:1,,0.667
798,1:?,2:1,,1
799,1:?,1:-1,,0.667
800,1:?,2:1,,0.667
801,1:?,2:1,,0.667
802,1:?,2:1,,1
803,1:?,2:1,,1
804,1:?,2:1,,0.667
805,1:?,2:1,,1
806,1:?,2:1,,1
807,1:?,2:1,,1
808,1:?,2:1,,1
809,1:?,2:1,,0.667
810,1:?,2:1,,1
811,1:?,2:1,,0.667
812,1:?,1:-1,,0.667
813,1:?,2:1,,1
814,1:?,2:1,,1
815,1:?,2:1,,1
816,1:?,2:1,,1
817,1:?,2:1,,1
818,1:?,2:1,,1
819,1:?,2:1,,1
820,1:?,2:1,,1
821,1:?,2:1,,1
822,1:?,2:1,,0.667
823,1:?,1:-1,,0.667
824,1:?,2:1,,1
825,1:?,2:1,,0.667
826,1:?,2:1,,1
827,1:?,2:1,,0.667
828,1:?,2:1,,1
829,1:?,2:1,,1
830,1:?,1:-1,,0.667
831,1:?,2:1,,1
832,1:?,1:-1,,0.667
833,1:?,2:1,,1
834,1:?,2:1,,1
835,1:?,1:-1,,0.667
836,1:?,2:1,,0.667
837,1:?,2:1,,0.667
838,1:?,2:1,,0.667
839,1:?,2:1,,1
840,1:?,2:1,,1
841,1:?,2:1,,1
842,1:?,2:1,,0.667
843,1:?,2:1,,0.667
844,1:?,2:1,,1
845,1:?,2:1,,1
846,1:?,2:1,,1
847,1:?,2:1,,1
848,1:?,2:1,,1
849,1:?,2:1,,0.667
850,1:?,2:1,,1
851,1:?,1:-1,,1
852,1:?,1:-1,,0.667
853,1:?,2:1,,0.75
854,1:?,2:1,,0.667
855,1:?,2:1,,1
856,1:?,2:1,,1
857,1:?,2:1,,1
858,1:?,2:1,,0.667
859,1:?,2:1,,1
860,1:?,2:1,,1
861,1:?,2:1,,1
862,1:?,2:1,,1
863,1:?,2:1,,0.667
864,1:?,2:1,,1
865,1:?,2:1,,1
866,1:?,2:1,,0.667
867,1:?,2:1,,1
868,1:?,2:1,,1
869,1:?,2:1,,0.667
870,1:?,2:1,,1
871,1:?,1:-1,,1
872,1:?,2:1,,0.667
873,1:?,1:-1,,0.667
874,1:?,2:1,,0.667
875,1:?,2:1,,1
876,1:?,1:-1,,1
877,1:?,2:1,,1
878,1:?,2:1,,0.667
879,1:?,1:-1,,0.667
880,1:?,2:1,,1
881,1:?,2:1,,1
882,1:?,2:1,,0.667
883,1:?,1:-1,,1
884,1:?,2:1,,1
885,1:?,2:1,,1
886,1:?,1:-1,,0.667
887,1:?,2:1,,0.667
888,1:?,2:1,,1
889,1:?,2:1,,1
890,1:?,2:1,,0.667
891,1:?,2:1,,1
892,1:?,2:1,,0.667
893,1:?,2:1,,0.667
894,1:?,2:1,,0.667
895,1:?,2:1,,1
896,1:?,2:1,,1
897,1:?,2:1,,1
898,1:?,1:-1,,0.667
899,1:?,2:1,,1
900,1:?,1:-1,,0.667
901,1:?,2:1,,0.667
902,1:?,2:1,,0.667
903,1:?,2:1,,1
904,1:?,2:1,,1
905,1:?,2:1,,0.667
906,1:?,2:1,,0.667
907,1:?,2:1,,1
908,1:?,1:-1,,1
909,1:?,2:1,,1
910,1:?,2:1,,1
911,1:?,2:1,,1
912,1:?,2:1,,0.667
913,1:?,2:1,,1
914,1:?,2:1,,0.667
915,1:?,2:1,,1
916,1:?,2:1,,1
917,1:?,2:1,,1
918,1:?,2:1,,0.667
919,1:?,2:1,,0.667
920,1:?,2:1,,1
921,1:?,2:1,,1
922,1:?,2:1,,1
923,1:?,2:1,,1
924,1:?,1:-1,,1
925,1:?,2:1,,0.667
926,1:?,1:-1,,0.667
927,1:?,2:1,,1
928,1:?,2:1,,0.667
929,1:?,2:1,,1
930,1:?,2:1,,1
931,1:?,2:1,,0.667
932,1:?,2:1,,1
933,1:?,2:1,,0.667
934,1:?,2:1,,1
935,1:?,2:1,,1
936,1:?,2:1,,1
937,1:?,2:1,,1
938,1:?,2:1,,1
939,1:?,2:1,,0.667
940,1:?,2:1,,1
941,1:?,2:1,,1
942,1:?,2:1,,0.667
943,1:?,2:1,,1
944,1:?,2:1,,1
945,1:?,2:1,,1
946,1:?,2:1,,1
947,1:?,2:1,,0.667
948,1:?,2:1,,1
949,1:?,2:1,,1
950,1:?,2:1,,0.667
951,1:?,2:1,,0.667
952,1:?,2:1,,1
953,1:?,2:1,,1
954,1:?,2:1,,1
955,1:?,1:-1,,0.667
956,1:?,2:1,,1
957,1:?,2:1,,1
958,1:?,2:1,,0.667
959,1:?,2:1,,1
960,1:?,2:1,,1
961,1:?,2:1,,1
962,1:?,1:-1,,0.667
963,1:?,2:1,,1
964,1:?,2:1,,0.667
965,1:?,2:1,,1
966,1:?,2:1,,0.667
967,1:?,2:1,,1
968,1:?,2:1,,1
969,1:?,2:1,,1
970,1:?,1:-1,,1
971,1:?,1:-1,,0.667
972,1:?,2:1,,0.667
973,1:?,2:1,,0.667
974,1:?,2:1,,1
975,1:?,2:1,,1
976,1:?,2:1,,1
977,1:?,2:1,,1
978,1:?,2:1,,1
979,1:?,2:1,,1
980,1:?,1:-1,,0.667
981,1:?,2:1,,1
982,1:?,1:-1,,0.667
983,1:?,2:1,,1
984,1:?,2:1,,0.667
985,1:?,2:1,,0.667
986,1:?,2:1,,1
987,1:?,2:1,,1
988,1:?,2:1,,1
989,1:?,2:1,,1
990,1:?,2:1,,1
991,1:?,2:1,,1
992,1:?,2:1,,1
993,1:?,2:1,,1
994,1:?,2:1,,1
995,1:?,1:-1,,0.667
996,1:?,2:1,,1
997,1:?,2:1,,0.667
998,1:?,2:1,,1
999,1:?,2:1,,0.667
1000,1:?,1:-1,,0.667
1001,1:?,2:1,,1
1002,1:?,2:1,,1
1003,1:?,2:1,,1
1004,1:?,2:1,,1
1005,1:?,2:1,,1
1006,1:?,2:1,,1
1007,1:?,2:1,,1
1008,1:?,2:1,,0.667
1009,1:?,2:1,,0.667
1010,1:?,2:1,,0.667
1011,1:?,2:1,,1
1012,1:?,2:1,,1
1013,1:?,2:1,,1
1014,1:?,2:1,,1
1015,1:?,2:1,,1
1016,1:?,2:1,,0.667
1017,1:?,2:1,,0.667
1018,1:?,1:-1,,0.667
1019,1:?,2:1,,1
1020,1:?,2:1,,1
1021,1:?,2:1,,0.667
1022,1:?,2:1,,0.667
1023,1:?,2:1,,0.667
1024,1:?,2:1,,1
1025,1:?,1:-1,,0.667
1026,1:?,2:1,,1
1027,1:?,2:1,,1
1028,1:?,2:1,,0.667
1029,1:?,1:-1,,0.667
1030,1:?,1:-1,,0.667
1031,1:?,2:1,,1
1032,1:?,2:1,,1
1033,1:?,1:-1,,0.667
1034,1:?,2:1,,0.667
1035,1:?,2:1,,1
1036,1:?,2:1,,1
1037,1:?,1:-1,,0.667
1038,1:?,2:1,,1
1039,1:?,1:-1,,0.667
1040,1:?,2:1,,1
1041,1:?,2:1,,0.667
1042,1:?,2:1,,0.667
1043,1:?,2:1,,1
1044,1:?,2:1,,1
1045,1:?,1:-1,,1
1046,1:?,2:1,,1
1047,1:?,2:1,,0.667
1048,1:?,2:1,,1
1049,1:?,2:1,,0.667
1050,1:?,1:-1,,0.667
1051,1:?,2:1,,1
1052,1:?,1:-1,,0.667
1053,1:?,1:-1,,0.667
1054,1:?,2:1,,1
1055,1:?,2:1,,0.667
1056,1:?,2:1,,1
1057,1:?,2:1,,1
1058,1:?,2:1,,1
1059,1:?,1:-1,,0.667
1060,1:?,2:1,,0.667
1061,1:?,2:1,,1
1062,1:?,2:1,,1
1063,1:?,2:1,,1
1064,1:?,2:1,,0.667
1065,1:?,2:1,,0.667
1066,1:?,2:1,,0.667
1067,1:?,2:1,,0.667
1068,1:?,2:1,,1
1069,1:?,2:1,,1
1070,1:?,2:1,,1
1071,1:?,2:1,,1
1072,1:?,2:1,,1
1073,1:?,2:1,,1
1074,1:?,2:1,,0.667
1075,1:?,2:1,,0.667
1076,1:?,2:1,,1
1077,1:?,2:1,,0.667
1078,1:?,2:1,,0.667
1079,1:?,2:1,,1
1080,1:?,2:1,,1
1081,1:?,2:1,,1
1082,1:?,2:1,,1
1083,1:?,2:1,,0.667
1084,1:?,2:1,,0.759
1085,1:?,2:1,,0.667
1086,1:?,2:1,,1
1087,1:?,2:1,,1
1088,1:?,2:1,,1
1089,1:?,2:1,,1
1090,1:?,2:1,,1
1091,1:?,2:1,,0.667
1092,1:?,2:1,,0.667
1093,1:?,2:1,,0.667
1094,1:?,2:1,,0.75
1095,1:?,1:-1,,0.667
1096,1:?,2:1,,0.667
1097,1:?,2:1,,0.667
1098,1:?,2:1,,1
1099,1:?,2:1,,0.667
1100,1:?,2:1,,1
1101,1:?,2:1,,0.667
1102,1:?,2:1,,1
1103,1:?,2:1,,0.667
1104,1:?,1:-1,,0.667
1105,1:?,1:-1,,0.667
1106,1:?,2:1,,0.667
1107,1:?,1:-1,,0.667
1108,1:?,2:1,,1
1109,1:?,2:1,,0.667
1110,1:?,2:1,,1
1111,1:?,2:1,,1
1112,1:?,2:1,,1
1113,1:?,2:1,,0.667
1114,1:?,2:1,,0.667
1115,1:?,2:1,,0.667
1116,1:?,1:-1,,0.667
1117,1:?,2:1,,1
1118,1:?,2:1,,0.667
1119,1:?,1:-1,,0.667
1120,1:?,2:1,,0.667
1121,1:?,2:1,,1
1122,1:?,2:1,,0.667
1123,1:?,2:1,,1
1124,1:?,1:-1,,0.667
1125,1:?,2:1,,0.667
1126,1:?,2:1,,1
1127,1:?,2:1,,0.667
1128,1:?,1:-1,,0.667
1129,1:?,2:1,,1
1130,1:?,2:1,,1
1131,1:?,2:1,,0.667
1132,1:?,1:-1,,0.667
1133,1:?,2:1,,0.667
1134,1:?,1:-1,,0.667
1135,1:?,2:1,,1
1136,1:?,2:1,,1
1137,1:?,1:-1,,1
1138,1:?,2:1,,1
1139,1:?,2:1,,1
1140,1:?,2:1,,1
1141,1:?,1:-1,,0.5
1142,1:?,2:1,,1
1143,1:?,2:1,,1
1144,1:?,2:1,,1
1145,1:?,2:1,,1
1146,1:?,2:1,,1
1147,1:?,2:1,,0.667
1148,1:?,2:1,,0.667
1149,1:?,2:1,,1
1150,1:?,1:-1,,0.667
1151,1:?,1:-1,,0.667
1152,1:?,2:1,,1
1153,1:?,1:-1,,0.667
1154,1:?,2:1,,1
1155,1:?,2:1,,0.75
1156,1:?,2:1,,0.667
1157,1:?,2:1,,1
1158,1:?,2:1,,1
1159,1:?,2:1,,1
1160,1:?,2:1,,1
1161,1:?,2:1,,1
1162,1:?,2:1,,1
1163,1:?,2:1,,0.667
1164,1:?,2:1,,1
1165,1:?,2:1,,0.667
1166,1:?,2:1,,1
1167,1:?,2:1,,1
1168,1:?,2:1,,1
1169,1:?,2:1,,1
1170,1:?,2:1,,1
1171,1:?,2:1,,1
1172,1:?,2:1,,0.667
1173,1:?,2:1,,1
1174,1:?,2:1,,1
1175,1:?,2:1,,1
1176,1:?,2:1,,0.667
1177,1:?,1:-1,,0.667
1178,1:?,2:1,,0.667
1179,1:?,2:1,,1
1180,1:?,2:1,,1
1181,1:?,2:1,,1
1182,1:?,2:1,,1
1183,1:?,2:1,,0.667
1184,1:?,2:1,,1
1185,1:?,2:1,,1
1186,1:?,2:1,,0.667
1187,1:?,2:1,,1
1188,1:?,2:1,,0.667
1189,1:?,2:1,,0.667
1190,1:?,2:1,,1
1191,1:?,1:-1,,0.667
1192,1:?,2:1,,1
1193,1:?,1:-1,,0.667
1194,1:?,2:1,,1
1195,1:?,2:1,,1
1196,1:?,2:1,,0.667
1197,1:?,2:1,,0.75
1198,1:?,1:-1,,0.667
1199,1:?,2:1,,0.667
1200,1:?,2:1,,1
1201,1:?,2:1,,0.667
1202,1:?,1:-1,,0.667
1203,1:?,2:1,,0.667
1204,1:?,2:1,,0.667
1205,1:?,2:1,,0.667
1206,1:?,2:1,,1
1207,1:?,2:1,,0.667
1208,1:?,2:1,,1
1209,1:?,2:1,,1
1210,1:?,1:-1,,0.667
1211,1:?,2:1,,0.667
1212,1:?,2:1,,1
1213,1:?,2:1,,1
1214,1:?,2:1,,1
1215,1:?,2:1,,1
1216,1:?,2:1,,0.667
1217,1:?,2:1,,0.667
1218,1:?,2:1,,1
1219,1:?,2:1,,0.667
1220,1:?,2:1,,0.667
1221,1:?,2:1,,1
1222,1:?,2:1,,1
1223,1:?,2:1,,1
1224,1:?,2:1,,1
1225,1:?,2:1,,1
1226,1:?,2:1,,1
1227,1:?,2:1,,0.667
1228,1:?,2:1,,1
1229,1:?,2:1,,1
1230,1:?,2:1,,0.667
1231,1:?,1:-1,,0.667
1232,1:?,2:1,,1
1233,1:?,2:1,,1
1234,1:?,2:1,,1
1235,1:?,2:1,,1
1236,1:?,2:1,,1
1237,1:?,2:1,,0.667
1238,1:?,2:1,,1
1239,1:?,2:1,,0.667
1240,1:?,2:1,,1
1241,1:?,2:1,,1
1242,1:?,2:1,,1
1243,1:?,2:1,,1
1244,1:?,2:1,,0.667
1245,1:?,1:-1,,0.667
1246,1:?,1:-1,,0.667
1247,1:?,2:1,,0.667
1248,1:?,2:1,,1
1249,1:?,2:1,,1
1250,1:?,2:1,,1
1251,1:?,2:1,,1
1252,1:?,2:1,,1
1253,1:?,2:1,,1
1254,1:?,2:1,,1
1255,1:?,2:1,,1
1256,1:?,2:1,,0.667
1257,1:?,2:1,,0.667
1258,1:?,2:1,,0.667
1259,1:?,2:1,,1
1260,1:?,2:1,,0.667
1261,1:?,2:1,,1
1262,1:?,2:1,,1
1263,1:?,2:1,,1
1264,1:?,2:1,,1
1265,1:?,2:1,,0.667
1266,1:?,2:1,,1
1267,1:?,1:-1,,0.667
1268,1:?,2:1,,1
1269,1:?,2:1,,0.667
1270,1:?,1:-1,,0.667
1271,1:?,2:1,,1
1272,1:?,2:1,,0.667
1273,1:?,2:1,,0.667
1274,1:?,2:1,,0.667
1275,1:?,2:1,,1
1276,1:?,2:1,,1
1277,1:?,2:1,,1
1278,1:?,2:1,,1
1279,1:?,2:1,,1
1280,1:?,2:1,,0.667
1281,1:?,2:1,,1
1282,1:?,2:1,,1
1283,1:?,2:1,,1
1284,1:?,2:1,,0.667
1285,1:?,2:1,,1
1286,1:?,2:1,,1
1287,1:?,2:1,,1
1288,1:?,2:1,,1
1289,1:?,1:-1,,0.667
1290,1:?,2:1,,0.667
1291,1:?,2:1,,0.667
1292,1:?,1:-1,,0.667
1293,1:?,2:1,,1
1294,1:?,1:-1,,1
1295,1:?,2:1,,1
1296,1:?,2:1,,1
1297,1:?,2:1,,1
1298,1:?,1:-1,,0.667
1299,1:?,2:1,,1
1300,1:?,2:1,,1
1301,1:?,1:-1,,0.667
1302,1:?,2:1,,0.667
1303,1:?,2:1,,0.667
1304,1:?,2:1,,0.667
1305,1:?,2:1,,1
1306,1:?,2:1,,1
1307,1:?,2:1,,0.667
1308,1:?,2:1,,1
1309,1:?,2:1,,0.667
1310,1:?,2:1,,0.667
1311,1:?,2:1,,1
1312,1:?,2:1,,1
1313,1:?,2:1,,1
1314,1:?,2:1,,1
1315,1:?,2:1,,1
1316,1:?,2:1,,1
1317,1:?,1:-1,,1
1318,1:?,2:1,,0.667
1319,1:?,1:-1,,0.667
1320,1:?,2:1,,1
1321,1:?,2:1,,0.667
1322,1:?,2:1,,1
1323,1:?,1:-1,,0.667
1324,1:?,1:-1,,0.667
1325,1:?,1:-1,,0.667
1326,1:?,2:1,,1
1327,1:?,2:1,,1
1328,1:?,2:1,,1
1329,1:?,2:1,,1
1330,1:?,1:-1,,1
1331,1:?,2:1,,0.667
1332,1:?,2:1,,1
1333,1:?,2:1,,0.667
1334,1:?,2:1,,1
1335,1:?,2:1,,1
1336,1:?,2:1,,1
1337,1:?,1:-1,,1
1338,1:?,2:1,,0.667
1339,1:?,2:1,,0.667
1340,1:?,2:1,,1
1341,1:?,1:-1,,1
1342,1:?,2:1,,1
1343,1:?,1:-1,,0.667
1344,1:?,1:-1,,0.667
1345,1:?,2:1,,0.667
1346,1:?,1:-1,,1
1347,1:?,2:1,,1
1348,1:?,1:-1,,0.667
1349,1:?,2:1,,1
1350,1:?,2:1,,1
1351,1:?,2:1,,1
1352,1:?,2:1,,0.667
1353,1:?,2:1,,0.667
1354,1:?,2:1,,1
1355,1:?,2:1,,0.667
1356,1:?,2:1,,0.667
1357,1:?,1:-1,,0.667
1358,1:?,2:1,,1
1359,1:?,1:-1,,0.667
1360,1:?,2:1,,0.667
1361,1:?,2:1,,0.667
1362,1:?,2:1,,1
1363,1:?,2:1,,1
1364,1:?,2:1,,1
1365,1:?,2:1,,0.667
1366,1:?,2:1,,1
1367,1:?,2:1,,0.667
1368,1:?,1:-1,,0.667
1369,1:?,2:1,,1
1370,1:?,1:-1,,0.667
1371,1:?,2:1,,1
1372,1:?,1:-1,,1
1373,1:?,1:-1,,0.667
1374,1:?,2:1,,0.75
1375,1:?,2:1,,1
1376,1:?,1:-1,,0.667
1377,1:?,2:1,,0.667
1378,1:?,1:-1,,0.667
1379,1:?,2:1,,1
1380,1:?,2:1,,0.667
1381,1:?,1:-1,,0.667
1382,1:?,1:-1,,1
1383,1:?,1:-1,,0.667
1384,1:?,2:1,,1
1385,1:?,2:1,,1
1386,1:?,2:1,,0.667
1387,1:?,2:1,,1
1388,1:?,2:1,,0.75
1389,1:?,2:1,,0.667
1390,1:?,2:1,,0.667
1391,1:?,2:1,,1
1392,1:?,2:1,,0.667
1393,1:?,2:1,,0.667
1394,1:?,2:1,,1
1395,1:?,2:1,,1
1396,1:?,2:1,,0.667
1397,1:?,2:1,,1
1398,1:?,1:-1,,1
1399,1:?,2:1,,1
1400,1:?,2:1,,1
1401,1:?,2:1,,0.667
1402,1:?,2:1,,0.667
1403,1:?,2:1,,0.667
1404,1:?,2:1,,1
1405,1:?,2:1,,1
1406,1:?,2:1,,1
1407,1:?,2:1,,0.667
1408,1:?,2:1,,1
1409,1:?,2:1,,0.667
1410,1:?,1:-1,,1
1411,1:?,2:1,,1
1412,1:?,1:-1,,1
1413,1:?,2:1,,1
1414,1:?,2:1,,0.667
1415,1:?,2:1,,0.667
1416,1:?,2:1,,1
1417,1:?,2:1,,1
1418,1:?,2:1,,0.667
1419,1:?,2:1,,0.667
1420,1:?,2:1,,0.667
1421,1:?,2:1,,0.667
1422,1:?,1:-1,,0.667
1423,1:?,1:-1,,1
1424,1:?,2:1,,1
1425,1:?,2:1,,1
1426,1:?,2:1,,0.667
1427,1:?,2:1,,0.667
1428,1:?,1:-1,,0.667
1429,1:?,1:-1,,0.667
1430,1:?,1:-1,,0.667
1431,1:?,1:-1,,0.667
1432,1:?,1:-1,,1
1433,1:?,1:-1,,0.667
1434,1:?,2:1,,0.667
1435,1:?,1:-1,,0.667
1436,1:?,1:-1,,0.667
1437,1:?,1:-1,,0.667
1438,1:?,2:1,,0.667
1439,1:?,1:-1,,0.667
1440,1:?,2:1,,1
1441,1:?,2:1,,0.667
1442,1:?,2:1,,0.667
1443,1:?,1:-1,,0.667
1444,1:?,2:1,,1
1445,1:?,2:1,,1
1446,1:?,2:1,,0.667
1447,1:?,2:1,,1
1448,1:?,2:1,,1
1449,1:?,2:1,,1
1450,1:?,2:1,,1
1451,1:?,2:1,,0.667
1452,1:?,1:-1,,0.667
1453,1:?,2:1,,1
1454,1:?,2:1,,1
1455,1:?,2:1,,1
1456,1:?,2:1,,0.667
1457,1:?,2:1,,1
1458,1:?,1:-1,,0.667
1459,1:?,2:1,,1
1460,1:?,1:-1,,0.667
1461,1:?,2:1,,0.667
1462,1:?,1:-1,,0.667
1463,1:?,2:1,,0.667
1464,1:?,2:1,,1
1465,1:?,1:-1,,0.667
1466,1:?,2:1,,1
1467,1:?,1:-1,,1
1468,1:?,1:-1,,0.667
1469,1:?,1:-1,,0.667
1470,1:?,2:1,,1
1471,1:?,2:1,,0.667
1472,1:?,2:1,,0.667
1473,1:?,2:1,,0.667
1474,1:?,2:1,,1
1475,1:?,2:1,,1
1476,1:?,2:1,,0.667
1477,1:?,2:1,,0.667
1478,1:?,1:-1,,1
1479,1:?,2:1,,1
1480,1:?,2:1,,1
1481,1:?,2:1,,1
1482,1:?,2:1,,1
1483,1:?,2:1,,1
1484,1:?,2:1,,1
1485,1:?,1:-1,,0.667
1486,1:?,2:1,,0.667
1487,1:?,1:-1,,0.667
1488,1:?,2:1,,1
1489,1:?,2:1,,1
1490,1:?,1:-1,,0.667
1491,1:?,2:1,,1
1492,1:?,2:1,,0.667
1493,1:?,2:1,,1
1494,1:?,2:1,,1
1495,1:?,2:1,,1
1496,1:?,2:1,,1
1497,1:?,1:-1,,0.667
1498,1:?,2:1,,1
1499,1:?,2:1,,1
1500,1:?,1:-1,,0.667
1501,1:?,2:1,,1
1502,1:?,2:1,,0.667
1503,1:?,2:1,,0.667
1504,1:?,2:1,,0.667
1505,1:?,1:-1,,0.667
1506,1:?,2:1,,1
1507,1:?,2:1,,1
1508,1:?,1:-1,,0.667
1509,1:?,2:1,,0.667
1510,1:?,2:1,,1
1511,1:?,2:1,,1
1512,1:?,2:1,,1
1513,1:?,2:1,,0.667
1514,1:?,2:1,,0.667
1515,1:?,2:1,,0.667
1516,1:?,2:1,,0.667
1517,1:?,1:-1,,0.667
1518,1:?,1:-1,,0.667
1519,1:?,2:1,,1
1520,1:?,2:1,,1
1521,1:?,2:1,,1
1522,1:?,2:1,,0.667
1523,1:?,2:1,,1
1524,1:?,2:1,,1
1525,1:?,2:1,,0.667
1526,1:?,2:1,,0.667
1527,1:?,2:1,,0.667
1528,1:?,2:1,,1
1529,1:?,2:1,,1
1530,1:?,2:1,,1
1531,1:?,2:1,,1
1532,1:?,2:1,,1
1533,1:?,2:1,,1
1534,1:?,2:1,,1
1535,1:?,2:1,,1
1536,1:?,1:-1,,0.667
1537,1:?,2:1,,1
1538,1:?,2:1,,1
1539,1:?,1:-1,,0.667
1540,1:?,1:-1,,0.667
1541,1:?,2:1,,1
1542,1:?,2:1,,1
1543,1:?,2:1,,0.667
1544,1:?,2:1,,1
1545,1:?,2:1,,1
1546,1:?,2:1,,1
1547,1:?,2:1,,1
1548,1:?,1:-1,,1
1549,1:?,1:-1,,0.667
1550,1:?,2:1,,1
1551,1:?,1:-1,,0.667
1552,1:?,2:1,,0.667
1553,1:?,2:1,,1
1554,1:?,2:1,,1
1555,1:?,2:1,,1
1556,1:?,2:1,,0.667
1557,1:?,1:-1,,0.667
1558,1:?,2:1,,1
1559,1:?,2:1,,0.667
1560,1:?,2:1,,0.667
1561,1:?,1:-1,,1
1562,1:?,2:1,,1
1563,1:?,2:1,,0.667
1564,1:?,2:1,,1
1565,1:?,2:1,,0.667
1566,1:?,2:1,,1
1567,1:?,2:1,,0.667
1568,1:?,2:1,,1
1569,1:?,2:1,,0.667
1570,1:?,1:-1,,1
1571,1:?,1:-1,,0.667
1572,1:?,1:-1,,1
1573,1:?,2:1,,1
1574,1:?,2:1,,1
1575,1:?,1:-1,,0.667
1576,1:?,2:1,,0.667
1577,1:?,2:1,,0.667
1578,1:?,2:1,,0.667
1579,1:?,2:1,,1
1580,1:?,2:1,,1
1581,1:?,2:1,,1
1582,1:?,2:1,,1
1583,1:?,2:1,,0.667
1584,1:?,2:1,,1
1585,1:?,2:1,,1
1586,1:?,2:1,,1
1587,1:?,2:1,,1
1588,1:?,2:1,,1
1589,1:?,2:1,,1
1590,1:?,2:1,,0.667
1591,1:?,2:1,,1
1592,1:?,1:-1,,0.667
1593,1:?,2:1,,0.667
1594,1:?,1:-1,,1
1595,1:?,2:1,,1
1596,1:?,2:1,,1
1597,1:?,2:1,,1
1598,1:?,1:-1,,1
1599,1:?,2:1,,0.667
1600,1:?,2:1,,1
1601,1:?,2:1,,1
1602,1:?,2:1,,1
1603,1:?,2:1,,0.667
1604,1:?,2:1,,0.667
1605,1:?,1:-1,,1
1606,1:?,2:1,,1
1607,1:?,2:1,,0.667
1608,1:?,2:1,,0.667
1609,1:?,2:1,,0.667
1610,1:?,1:-1,,0.667
1611,1:?,2:1,,1
1612,1:?,2:1,,0.667
1613,1:?,1:-1,,0.667
1614,1:?,2:1,,0.667
1615,1:?,2:1,,1
1616,1:?,2:1,,0.667
1617,1:?,2:1,,1
1618,1:?,2:1,,0.667
1619,1:?,1:-1,,0.667
1620,1:?,2:1,,1
1621,1:?,2:1,,0.667
1622,1:?,2:1,,0.667
1623,1:?,2:1,,1
1624,1:?,2:1,,1
1625,1:?,2:1,,1
1626,1:?,2:1,,1
1627,1:?,2:1,,1
1628,1:?,2:1,,0.667
1629,1:?,1:-1,,0.667
1630,1:?,2:1,,1
1631,1:?,2:1,,1
1632,1:?,2:1,,0.667
1633,1:?,2:1,,0.667
1634,1:?,2:1,,1
1635,1:?,1:-1,,0.667
1636,1:?,2:1,,0.667
1637,1:?,2:1,,1
1638,1:?,2:1,,1
1639,1:?,2:1,,0.667
1640,1:?,1:-1,,0.667
1641,1:?,1:-1,,0.667
1642,1:?,1:-1,,0.667
1643,1:?,1:-1,,1
1644,1:?,2:1,,1
1645,1:?,2:1,,1
1646,1:?,2:1,,0.667
1647,1:?,2:1,,0.667
1648,1:?,2:1,,0.667
1649,1:?,2:1,,0.667
1650,1:?,2:1,,0.667
1651,1:?,2:1,,0.667
1652,1:?,2:1,,1
1653,1:?,2:1,,0.75
1654,1:?,2:1,,1
1655,1:?,2:1,,0.667
1656,1:?,1:-1,,1
1657,1:?,2:1,,1
1658,1:?,2:1,,1
1659,1:?,2:1,,0.667
1660,1:?,2:1,,1
1661,1:?,2:1,,1
1662,1:?,1:-1,,0.667
1663,1:?,2:1,,0.667
1664,1:?,2:1,,1
1665,1:?,2:1,,0.667
1666,1:?,2:1,,1
1667,1:?,2:1,,1
1668,1:?,2:1,,1
1669,1:?,2:1,,1
1670,1:?,2:1,,0.667
1671,1:?,1:-1,,0.667
1672,1:?,2:1,,0.667
1673,1:?,2:1,,1
1674,1:?,2:1,,1
1675,1:?,2:1,,0.667
1676,1:?,2:1,,0.667
1677,1:?,1:-1,,0.667
1678,1:?,2:1,,0.667
1679,1:?,2:1,,0.667
1680,1:?,2:1,,1
1681,1:?,2:1,,1
1682,1:?,2:1,,1
1683,1:?,2:1,,0.667
1684,1:?,2:1,,1
1685,1:?,2:1,,1
1686,1:?,1:-1,,1
1687,1:?,1:-1,,0.667
1688,1:?,1:-1,,0.667
1689,1:?,2:1,,1
1690,1:?,2:1,,1
1691,1:?,1:-1,,1
1692,1:?,2:1,,1
1693,1:?,2:1,,0.667
1694,1:?,2:1,,1
1695,1:?,1:-1,,0.667
1696,1:?,1:-1,,0.667
1697,1:?,2:1,,1
1698,1:?,2:1,,1
1699,1:?,2:1,,0.667
1700,1:?,2:1,,1
1701,1:?,2:1,,0.667
1702,1:?,2:1,,0.667
1703,1:?,2:1,,1
1704,1:?,2:1,,1
1705,1:?,1:-1,,0.667
1706,1:?,2:1,,1
1707,1:?,2:1,,0.667
1708,1:?,1:-1,,0.667
1709,1:?,2:1,,1
1710,1:?,2:1,,1
1711,1:?,2:1,,1
1712,1:?,2:1,,0.667
1713,1:?,2:1,,0.667
1714,1:?,2:1,,1
1715,1:?,1:-1,,0.667
1716,1:?,2:1,,1
1717,1:?,2:1,,1
1718,1:?,2:1,,0.667
1719,1:?,2:1,,1
1720,1:?,2:1,,0.667
1721,1:?,2:1,,1
1722,1:?,1:-1,,0.667
1723,1:?,2:1,,1
1724,1:?,2:1,,1
1725,1:?,2:1,,1
1726,1:?,2:1,,1
1727,1:?,1:-1,,0.667
1728,1:?,2:1,,1
1729,1:?,2:1,,0.667
1730,1:?,2:1,,0.667
1731,1:?,2:1,,0.667
1732,1:?,2:1,,1
1733,1:?,2:1,,1
1734,1:?,2:1,,1
1735,1:?,2:1,,0.667
1736,1:?,2:1,,1
1737,1:?,2:1,,0.667
1738,1:?,2:1,,1
1739,1:?,2:1,,0.667
1740,1:?,2:1,,0.667
1741,1:?,2:1,,0.667
1742,1:?,2:1,,0.667
1743,1:?,2:1,,0.667
1744,1:?,2:1,,0.667
1745,1:?,2:1,,0.667
1746,1:?,2:1,,1
1747,1:?,2:1,,0.667
1748,1:?,2:1,,1
1749,1:?,2:1,,0.667
1750,1:?,1:-1,,0.667
1751,1:?,2:1,,1
1752,1:?,2:1,,0.667
1753,1:?,2:1,,1
1754,1:?,2:1,,0.667
1755,1:?,1:-1,,1
1756,1:?,2:1,,0.667
1757,1:?,2:1,,0.667
1758,1:?,2:1,,0.667
1759,1:?,2:1,,1
1760,1:?,2:1,,1
1761,1:?,2:1,,0.667
1762,1:?,2:1,,0.667
1763,1:?,2:1,,1
1764,1:?,2:1,,0.667
1765,1:?,2:1,,1
1766,1:?,1:-1,,0.667
1767,1:?,2:1,,1
1768,1:?,2:1,,1
1769,1:?,2:1,,1
1770,1:?,2:1,,1
1771,1:?,2:1,,0.667
1772,1:?,2:1,,1
1773,1:?,1:-1,,0.667
1774,1:?,2:1,,1
1775,1:?,2:1,,1
1776,1:?,1:-1,,0.667
1777,1:?,2:1,,1
1778,1:?,1:-1,,0.667
1779,1:?,2:1,,1
1780,1:?,2:1,,1
1781,1:?,2:1,,1
1782,1:?,2:1,,1
1783,1:?,2:1,,1
1784,1:?,2:1,,1
1785,1:?,2:1,,1
1786,1:?,1:-1,,0.667
1787,1:?,1:-1,,0.667
1788,1:?,2:1,,1
1789,1:?,2:1,,1
1790,1:?,2:1,,1
1791,1:?,1:-1,,0.667
1792,1:?,2:1,,1
1793,1:?,2:1,,1
1794,1:?,2:1,,1
1795,1:?,2:1,,0.667
1796,1:?,2:1,,1
1797,1:?,2:1,,1
1798,1:?,2:1,,0.667
1799,1:?,2:1,,1
1800,1:?,2:1,,0.667
1801,1:?,2:1,,0.667
1802,1:?,1:-1,,0.667
1803,1:?,2:1,,1
1804,1:?,2:1,,1
1805,1:?,2:1,,1
1806,1:?,2:1,,1
1807,1:?,2:1,,1
1808,1:?,1:-1,,0.667
1809,1:?,2:1,,1
1810,1:?,1:-1,,1
1811,1:?,2:1,,1
1812,1:?,1:-1,,0.667
1813,1:?,2:1,,0.667
1814,1:?,2:1,,0.667
1815,1:?,1:-1,,0.667
1816,1:?,1:-1,,0.667
1817,1:?,2:1,,1
1818,1:?,2:1,,1
1819,1:?,1:-1,,1
1820,1:?,2:1,,0.667
1821,1:?,2:1,,0.667
1822,1:?,2:1,,1
1823,1:?,2:1,,0.667
1824,1:?,2:1,,1
1825,1:?,2:1,,0.667
1826,1:?,1:-1,,0.667
1827,1:?,2:1,,1
1828,1:?,2:1,,0.667
1829,1:?,2:1,,0.667
1830,1:?,2:1,,1
1831,1:?,2:1,,0.667
1832,1:?,2:1,,0.667
1833,1:?,2:1,,1
1834,1:?,2:1,,0.667
1835,1:?,2:1,,1
1836,1:?,2:1,,1
1837,1:?,2:1,,1
1838,1:?,1:-1,,0.667
1839,1:?,2:1,,1
1840,1:?,1:-1,,0.667
1841,1:?,2:1,,1
1842,1:?,2:1,,1
1843,1:?,2:1,,0.667
1844,1:?,2:1,,1
1845,1:?,1:-1,,1
1846,1:?,1:-1,,0.667
1847,1:?,2:1,,0.667
1848,1:?,2:1,,1
1849,1:?,2:1,,1
1850,1:?,2:1,,0.667
1851,1:?,2:1,,0.667
1852,1:?,2:1,,1
1853,1:?,2:1,,1
1854,1:?,1:-1,,0.667
1855,1:?,2:1,,0.667
1856,1:?,2:1,,0.667
1857,1:?,1:-1,,0.667
1858,1:?,2:1,,0.667
1859,1:?,2:1,,1
1860,1:?,2:1,,1
1861,1:?,2:1,,0.667
1862,1:?,2:1,,0.667
1863,1:?,2:1,,0.667
1864,1:?,2:1,,1
1865,1:?,1:-1,,1
1866,1:?,2:1,,1
1867,1:?,1:-1,,0.667
1868,1:?,2:1,,0.667
1869,1:?,2:1,,1
1870,1:?,2:1,,1
1871,1:?,2:1,,1
1872,1:?,1:-1,,0.667
1873,1:?,2:1,,1
1874,1:?,2:1,,1
1875,1:?,2:1,,0.667
1876,1:?,2:1,,0.667
1877,1:?,2:1,,1
1878,1:?,2:1,,1
1879,1:?,2:1,,1
1880,1:?,1:-1,,0.667
1881,1:?,2:1,,1
1882,1:?,2:1,,0.667
1883,1:?,2:1,,0.667
1884,1:?,2:1,,1
1885,1:?,2:1,,0.75
1886,1:?,2:1,,0.667
1887,1:?,2:1,,0.667
1888,1:?,2:1,,1
1889,1:?,2:1,,1
1890,1:?,1:-1,,1
1891,1:?,2:1,,1
1892,1:?,1:-1,,0.667
1893,1:?,2:1,,1
1894,1:?,2:1,,1
1895,1:?,2:1,,1
1896,1:?,2:1,,1
1897,1:?,2:1,,1
1898,1:?,2:1,,1
1899,1:?,2:1,,0.667
1900,1:?,2:1,,1
1901,1:?,2:1,,0.667
1902,1:?,2:1,,0.667
1903,1:?,2:1,,1
1904,1:?,2:1,,1
1905,1:?,2:1,,1
1906,1:?,2:1,,0.667
1907,1:?,1:-1,,0.667
1908,1:?,2:1,,1
1909,1:?,2:1,,1
1910,1:?,2:1,,0.667
1911,1:?,2:1,,1
1912,1:?,2:1,,1
1913,1:?,2:1,,1
1914,1:?,2:1,,1
1915,1:?,2:1,,1
1916,1:?,2:1,,1
1917,1:?,1:-1,,0.667
1918,1:?,2:1,,0.667
1919,1:?,2:1,,0.667
1920,1:?,2:1,,1
1921,1:?,2:1,,1
1922,1:?,2:1,,1
1923,1:?,2:1,,1
1924,1:?,2:1,,1
1925,1:?,2:1,,0.667
1926,1:?,1:-1,,0.667
1927,1:?,2:1,,1
1928,1:?,2:1,,1
1929,1:?,2:1,,0.667
1930,1:?,2:1,,1
1931,1:?,2:1,,1
1932,1:?,2:1,,1
1933,1:?,2:1,,1
1934,1:?,2:1,,0.667
1935,1:?,2:1,,1
1936,1:?,1:-1,,1
1937,1:?,2:1,,1
1938,1:?,2:1,,0.667
1939,1:?,2:1,,1
1940,1:?,2:1,,0.667
1941,1:?,2:1,,1
1942,1:?,2:1,,1
1943,1:?,2:1,,1
1944,1:?,2:1,,0.667
1945,1:?,2:1,,0.667
1946,1:?,2:1,,1
1947,1:?,2:1,,1
1948,1:?,1:-1,,0.667
1949,1:?,2:1,,1
1950,1:?,2:1,,1
1951,1:?,2:1,,0.667
1952,1:?,2:1,,1
1953,1:?,2:1,,0.75
1954,1:?,2:1,,1
1955,1:?,2:1,,1
1956,1:?,2:1,,1
1957,1:?,2:1,,0.667
1958,1:?,2:1,,0.667
1959,1:?,2:1,,1
1960,1:?,2:1,,1
1961,1:?,2:1,,0.667
1962,1:?,2:1,,1
1963,1:?,2:1,,0.667
1964,1:?,2:1,,0.667
1965,1:?,2:1,,0.667
1966,1:?,2:1,,1
1967,1:?,2:1,,1
1968,1:?,1:-1,,0.667
1969,1:?,1:-1,,1
1970,1:?,2:1,,0.667
1971,1:?,2:1,,1
1972,1:?,2:1,,0.667
1973,1:?,2:1,,0.667
1974,1:?,2:1,,0.667
1975,1:?,2:1,,0.667
1976,1:?,1:-1,,1
1977,1:?,1:-1,,0.667
1978,1:?,1:-1,,0.667
1979,1:?,2:1,,0.667
1980,1:?,1:-1,,1
1981,1:?,2:1,,1
1982,1:?,1:-1,,1
1983,1:?,1:-1,,0.667
1984,1:?,2:1,,1
1985,1:?,2:1,,0.667
1986,1:?,2:1,,1
1987,1:?,2:1,,1
1988,1:?,2:1,,1
1989,1:?,2:1,,1
1990,1:?,2:1,,0.667
1991,1:?,2:1,,1
1992,1:?,2:1,,0.667
1993,1:?,2:1,,1
1994,1:?,2:1,,1
1995,1:?,2:1,,0.667
1996,1:?,2:1,,1
1997,1:?,2:1,,0.667
1998,1:?,2:1,,1
1999,1:?,2:1,,0.75
2000,1:?,2:1,,1
2001,1:?,2:1,,1
2002,1:?,2:1,,0.667
2003,1:?,2:1,,1
2004,1:?,1:-1,,0.667
2005,1:?,2:1,,0.667
2006,1:?,2:1,,0.667
2007,1:?,2:1,,0.667
2008,1:?,2:1,,1
2009,1:?,2:1,,0.667
2010,1:?,2:1,,1
2011,1:?,2:1,,0.667
2012,1:?,2:1,,1
2013,1:?,2:1,,1
2014,1:?,1:-1,,0.667
2015,1:?,2:1,,1
2016,1:?,2:1,,0.667
2017,1:?,2:1,,1
2018,1:?,2:1,,0.667
2019,1:?,2:1,,1
2020,1:?,2:1,,1
2021,1:?,2:1,,0.667
2022,1:?,1:-1,,0.667
2023,1:?,2:1,,1
2024,1:?,2:1,,1
2025,1:?,2:1,,0.667
2026,1:?,2:1,,1
2027,1:?,2:1,,1
2028,1:?,2:1,,0.667
2029,1:?,2:1,,1
2030,1:?,2:1,,0.667
2031,1:?,2:1,,0.667
2032,1:?,2:1,,1
2033,1:?,2:1,,1
2034,1:?,2:1,,1
2035,1:?,2:1,,0.667
2036,1:?,2:1,,1
2037,1:?,2:1,,1
2038,1:?,2:1,,1
2039,1:?,2:1,,1
2040,1:?,2:1,,0.667
2041,1:?,2:1,,0.667
2042,1:?,2:1,,1
2043,1:?,2:1,,1
2044,1:?,1:-1,,0.667
2045,1:?,1:-1,,0.667
2046,1:?,2:1,,1
2047,1:?,2:1,,0.667
2048,1:?,2:1,,0.667
2049,1:?,2:1,,0.667
2050,1:?,2:1,,0.667
2051,1:?,2:1,,0.667
2052,1:?,1:-1,,1
2053,1:?,2:1,,0.667
2054,1:?,2:1,,1
2055,1:?,2:1,,1
2056,1:?,2:1,,1
2057,1:?,2:1,,1
2058,1:?,1:-1,,0.667
2059,1:?,2:1,,1
2060,1:?,2:1,,0.667
2061,1:?,2:1,,0.667
2062,1:?,2:1,,0.667
2063,1:?,2:1,,1
2064,1:?,2:1,,0.667
2065,1:?,1:-1,,1
2066,1:?,2:1,,1
2067,1:?,1:-1,,0.667
2068,1:?,2:1,,1
2069,1:?,2:1,,0.667
2070,1:?,2:1,,0.667
2071,1:?,2:1,,1
2072,1:?,2:1,,1
2073,1:?,1:-1,,0.667
2074,1:?,2:1,,1
2075,1:?,2:1,,1
2076,1:?,2:1,,1
2077,1:?,1:-1,,0.667
2078,1:?,2:1,,1
2079,1:?,1:-1,,0.667
2080,1:?,2:1,,1
2081,1:?,2:1,,1
2082,1:?,1:-1,,0.667
2083,1:?,2:1,,1
2084,1:?,2:1,,1
2085,1:?,2:1,,1
2086,1:?,2:1,,1
2087,1:?,2:1,,1
2088,1:?,2:1,,0.667
2089,1:?,2:1,,1
2090,1:?,2:1,,1
2091,1:?,2:1,,0.667
2092,1:?,1:-1,,1
2093,1:?,2:1,,1
2094,1:?,2:1,,1
2095,1:?,1:-1,,0.667
2096,1:?,2:1,,1
2097,1:?,2:1,,1
2098,1:?,2:1,,1
2099,1:?,2:1,,0.667
2100,1:?,2:1,,1
2101,1:?,2:1,,1
2102,1:?,2:1,,1
2103,1:?,2:1,,1
2104,1:?,2:1,,0.667
2105,1:?,2:1,,1
2106,1:?,2:1,,0.667
2107,1:?,2:1,,1
2108,1:?,2:1,,1
2109,1:?,2:1,,1
2110,1:?,2:1,,0.667
2111,1:?,2:1,,0.667
2112,1:?,2:1,,1
2113,1:?,2:1,,1
2114,1:?,2:1,,1
2115,1:?,2:1,,1
2116,1:?,2:1,,1
2117,1:?,2:1,,1
2118,1:?,2:1,,0.667
2119,1:?,1:-1,,0.6
2120,1:?,2:1,,1
2121,1:?,2:1,,0.667
2122,1:?,1:-1,,0.667
2123,1:?,1:-1,,0.667
2124,1:?,2:1,,0.667
2125,1:?,2:1,,0.667
2126,1:?,1:-1,,0.667
2127,1:?,2:1,,0.75
2128,1:?,1:-1,,1
2129,1:?,2:1,,0.667
2130,1:?,1:-1,,1
2131,1:?,2:1,,1
2132,1:?,2:1,,1
2133,1:?,2:1,,1
2134,1:?,2:1,,1
2135,1:?,2:1,,1
2136,1:?,2:1,,1
2137,1:?,1:-1,,0.667
2138,1:?,2:1,,1
2139,1:?,2:1,,1
2140,1:?,2:1,,0.667
2141,1:?,2:1,,1
2142,1:?,2:1,,1
2143,1:?,2:1,,0.667
2144,1:?,2:1,,1
2145,1:?,2:1,,0.667
2146,1:?,2:1,,1
2147,1:?,2:1,,1
2148,1:?,2:1,,0.667
2149,1:?,2:1,,0.667
2150,1:?,2:1,,1
2151,1:?,2:1,,1
2152,1:?,2:1,,0.667
2153,1:?,2:1,,0.667
2154,1:?,1:-1,,0.667
2155,1:?,2:1,,1
2156,1:?,2:1,,1
2157,1:?,1:-1,,1
2158,1:?,2:1,,0.667
2159,1:?,1:-1,,0.667
2160,1:?,2:1,,0.667
2161,1:?,2:1,,0.667
2162,1:?,2:1,,1
2163,1:?,2:1,,1
2164,1:?,2:1,,0.667
2165,1:?,2:1,,0.667
2166,1:?,2:1,,1
2167,1:?,2:1,,0.667
2168,1:?,2:1,,1
2169,1:?,1:-1,,0.667
2170,1:?,2:1,,1
2171,1:?,2:1,,1
2172,1:?,1:-1,,0.667
2173,1:?,2:1,,0.667
2174,1:?,2:1,,1
2175,1:?,2:1,,0.667
2176,1:?,2:1,,1
2177,1:?,2:1,,1
2178,1:?,2:1,,0.667
2179,1:?,2:1,,1
2180,1:?,2:1,,0.667
2181,1:?,2:1,,1
2182,1:?,2:1,,0.667
2183,1:?,2:1,,0.667
2184,1:?,2:1,,0.667
2185,1:?,2:1,,1
2186,1:?,2:1,,0.667
2187,1:?,1:-1,,0.667
2188,1:?,2:1,,0.667
2189,1:?,2:1,,0.667
2190,1:?,2:1,,1
2191,1:?,1:-1,,0.667
2192,1:?,2:1,,1
2193,1:?,1:-1,,1
2194,1:?,2:1,,1
2195,1:?,1:-1,,0.667
2196,1:?,2:1,,1
2197,1:?,1:-1,,1
2198,1:?,1:-1,,0.667
2199,1:?,2:1,,1
2200,1:?,2:1,,1
2201,1:?,2:1,,0.667
2202,1:?,2:1,,1
2203,1:?,2:1,,0.667
2204,1:?,2:1,,1
2205,1:?,2:1,,1
2206,1:?,2:1,,1
2207,1:?,1:-1,,1
2208,1:?,1:-1,,0.667
2209,1:?,2:1,,1
2210,1:?,2:1,,1
2211,1:?,2:1,,0.667
2212,1:?,1:-1,,1
2213,1:?,1:-1,,0.667
2214,1:?,1:-1,,0.667
2215,1:?,2:1,,1
2216,1:?,2:1,,0.667
2217,1:?,2:1,,1
2218,1:?,2:1,,0.667
2219,1:?,2:1,,1
2220,1:?,2:1,,1
2221,1:?,2:1,,1
2222,1:?,1:-1,,1
2223,1:?,2:1,,0.667
2224,1:?,2:1,,1
2225,1:?,2:1,,1
2226,1:?,2:1,,0.667
2227,1:?,1:-1,,0.667
2228,1:?,2:1,,1
2229,1:?,1:-1,,0.667
2230,1:?,2:1,,1
2231,1:?,1:-1,,1
2232,1:?,1:-1,,0.667
2233,1:?,2:1,,1
2234,1:?,2:1,,1
2235,1:?,1:-1,,0.667
2236,1:?,1:-1,,1
2237,1:?,1:-1,,1
2238,1:?,2:1,,1
2239,1:?,2:1,,1
2240,1:?,2:1,,0.667
2241,1:?,2:1,,1
2242,1:?,1:-1,,0.667
2243,1:?,1:-1,,0.667
2244,1:?,2:1,,0.667
2245,1:?,2:1,,1
2246,1:?,1:-1,,1
2247,1:?,2:1,,1
2248,1:?,2:1,,0.667
2249,1:?,2:1,,0.667
2250,1:?,2:1,,1
2251,1:?,1:-1,,0.667
2252,1:?,2:1,,1
2253,1:?,2:1,,0.667
2254,1:?,2:1,,1
2255,1:?,2:1,,1
2256,1:?,2:1,,1
2257,1:?,2:1,,1
2258,1:?,2:1,,1
2259,1:?,1:-1,,1
2260,1:?,2:1,,1
2261,1:?,1:-1,,1
2262,1:?,2:1,,1
2263,1:?,2:1,,1
2264,1:?,2:1,,1
2265,1:?,2:1,,0.667
2266,1:?,2:1,,1
2267,1:?,2:1,,0.667
2268,1:?,2:1,,1
2269,1:?,2:1,,1
2270,1:?,2:1,,0.667
2271,1:?,2:1,,1
2272,1:?,2:1,,1
2273,1:?,2:1,,1
2274,1:?,2:1,,1
2275,1:?,2:1,,1
2276,1:?,1:-1,,1
2277,1:?,2:1,,1
2278,1:?,2:1,,0.667
2279,1:?,2:1,,1
2280,1:?,2:1,,1
2281,1:?,1:-1,,0.667
2282,1:?,2:1,,1
2283,1:?,2:1,,1
2284,1:?,2:1,,1
2285,1:?,2:1,,1
2286,1:?,2:1,,1
2287,1:?,2:1,,0.667
2288,1:?,2:1,,0.667
2289,1:?,2:1,,0.667
2290,1:?,2:1,,0.667
2291,1:?,2:1,,1
2292,1:?,1:-1,,0.667
2293,1:?,2:1,,1
2294,1:?,1:-1,,0.667
2295,1:?,2:1,,0.667
2296,1:?,2:1,,1
2297,1:?,2:1,,0.667
2298,1:?,2:1,,1
2299,1:?,2:1,,0.667
2300,1:?,2:1,,1
2301,1:?,2:1,,0.667
2302,1:?,2:1,,1
2303,1:?,2:1,,0.667
2304,1:?,2:1,,0.667
2305,1:?,2:1,,1
2306,1:?,1:-1,,0.667
2307,1:?,2:1,,1
2308,1:?,2:1,,0.667
2309,1:?,2:1,,1
2310,1:?,2:1,,0.667
2311,1:?,2:1,,0.667
2312,1:?,2:1,,1
2313,1:?,2:1,,1
2314,1:?,2:1,,1
2315,1:?,2:1,,1
2316,1:?,2:1,,1
2317,1:?,2:1,,1
2318,1:?,1:-1,,0.667
2319,1:?,1:-1,,0.667
2320,1:?,2:1,,0.667
2321,1:?,2:1,,1
2322,1:?,2:1,,0.75
2323,1:?,2:1,,0.75
2324,1:?,2:1,,1
2325,1:?,2:1,,1
2326,1:?,2:1,,1
2327,1:?,2:1,,1
2328,1:?,2:1,,1
2329,1:?,2:1,,0.667
2330,1:?,2:1,,0.667
2331,1:?,1:-1,,0.667
2332,1:?,2:1,,0.667
2333,1:?,2:1,,1
2334,1:?,1:-1,,0.667
2335,1:?,2:1,,1
2336,1:?,2:1,,1
2337,1:?,2:1,,1
2338,1:?,2:1,,0.667
2339,1:?,2:1,,1
2340,1:?,1:-1,,0.667
2341,1:?,2:1,,1
2342,1:?,2:1,,1
2343,1:?,2:1,,1
2344,1:?,2:1,,1
2345,1:?,2:1,,1
2346,1:?,2:1,,1
2347,1:?,2:1,,1
2348,1:?,1:-1,,0.667
2349,1:?,2:1,,1
2350,1:?,1:-1,,0.667
2351,1:?,1:-1,,0.667
2352,1:?,2:1,,0.667
2353,1:?,2:1,,0.667
2354,1:?,2:1,,0.667
2355,1:?,2:1,,1
2356,1:?,1:-1,,1
2357,1:?,2:1,,1
2358,1:?,1:-1,,1
2359,1:?,1:-1,,0.667
2360,1:?,1:-1,,1
2361,1:?,2:1,,1
2362,1:?,2:1,,1
2363,1:?,2:1,,1
2364,1:?,2:1,,1
2365,1:?,2:1,,1
2366,1:?,2:1,,1
2367,1:?,2:1,,1
2368,1:?,2:1,,1
2369,1:?,2:1,,1
2370,1:?,1:-1,,1
2371,1:?,1:-1,,1
2372,1:?,2:1,,1
2373,1:?,2:1,,0.667
2374,1:?,2:1,,0.667
2375,1:?,2:1,,1
2376,1:?,1:-1,,0.667
2377,1:?,2:1,,1
2378,1:?,2:1,,0.667
2379,1:?,1:-1,,0.667
2380,1:?,2:1,,1
2381,1:?,2:1,,1
2382,1:?,2:1,,0.667
2383,1:?,2:1,,1
2384,1:?,1:-1,,0.667
2385,1:?,2:1,,1
2386,1:?,2:1,,1
2387,1:?,2:1,,1
2388,1:?,2:1,,0.667
2389,1:?,2:1,,0.667
2390,1:?,2:1,,0.667
2391,1:?,2:1,,1
2392,1:?,2:1,,0.667
2393,1:?,2:1,,1
2394,1:?,2:1,,1
2395,1:?,2:1,,0.667
2396,1:?,2:1,,1
2397,1:?,2:1,,1
2398,1:?,2:1,,1
2399,1:?,2:1,,1
2400,1:?,2:1,,0.667
2401,1:?,2:1,,0.667
2402,1:?,2:1,,0.667
2403,1:?,2:1,,1
2404,1:?,2:1,,1
2405,1:?,2:1,,0.667
2406,1:?,2:1,,1
2407,1:?,2:1,,1
2408,1:?,2:1,,0.667
2409,1:?,2:1,,1
2410,1:?,2:1,,1
2411,1:?,2:1,,0.667
2412,1:?,2:1,,1
2413,1:?,2:1,,1
2414,1:?,2:1,,0.667
2415,1:?,2:1,,0.667
2416,1:?,2:1,,1
2417,1:?,2:1,,0.667
2418,1:?,2:1,,0.667
2419,1:?,2:1,,0.667
2420,1:?,2:1,,1
2421,1:?,2:1,,0.667
2422,1:?,2:1,,1
2423,1:?,2:1,,0.667
2424,1:?,2:1,,1
2425,1:?,1:-1,,0.667
2426,1:?,2:1,,1
2427,1:?,2:1,,1
2428,1:?,2:1,,1
2429,1:?,1:-1,,0.667
2430,1:?,2:1,,1
2431,1:?,2:1,,1
2432,1:?,2:1,,1
2433,1:?,2:1,,0.667
2434,1:?,2:1,,0.667
2435,1:?,2:1,,1
2436,1:?,1:-1,,0.667
2437,1:?,2:1,,1
2438,1:?,2:1,,1
2439,1:?,2:1,,1
2440,1:?,2:1,,0.667
2441,1:?,2:1,,0.667
2442,1:?,2:1,,0.667
2443,1:?,2:1,,1
2444,1:?,2:1,,0.667
2445,1:?,2:1,,1
2446,1:?,2:1,,0.667
2447,1:?,2:1,,1
2448,1:?,1:-1,,0.667
2449,1:?,2:1,,1
2450,1:?,2:1,,0.667
2451,1:?,2:1,,1
2452,1:?,2:1,,1
2453,1:?,1:-1,,0.667
2454,1:?,2:1,,0.667
2455,1:?,2:1,,0.667
2456,1:?,2:1,,0.667
2457,1:?,2:1,,0.667
2458,1:?,2:1,,1
2459,1:?,1:-1,,0.667
2460,1:?,2:1,,0.667
2461,1:?,2:1,,0.667
2462,1:?,2:1,,0.667
2463,1:?,2:1,,0.667
2464,1:?,2:1,,0.667
2465,1:?,1:-1,,0.667
2466,1:?,2:1,,1
2467,1:?,2:1,,0.667
2468,1:?,1:-1,,1
2469,1:?,2:1,,1
2470,1:?,2:1,,1
2471,1:?,2:1,,1
2472,1:?,1:-1,,1
2473,1:?,2:1,,0.667
2474,1:?,1:-1,,0.667
2475,1:?,2:1,,1
2476,1:?,2:1,,1
2477,1:?,2:1,,1
2478,1:?,2:1,,1
2479,1:?,1:-1,,0.667
2480,1:?,1:-1,,0.667
2481,1:?,1:-1,,1
2482,1:?,2:1,,0.667
2483,1:?,2:1,,0.667
2484,1:?,1:-1,,1
2485,1:?,1:-1,,1
2486,1:?,1:-1,,0.667
2487,1:?,2:1,,1
2488,1:?,1:-1,,0.667
2489,1:?,1:-1,,0.667
2490,1:?,2:1,,0.75
2491,1:?,2:1,,0.667
2492,1:?,2:1,,0.667
2493,1:?,2:1,,0.75
2494,1:?,2:1,,1
2495,1:?,2:1,,0.667
2496,1:?,2:1,,1
2497,1:?,1:-1,,0.667
2498,1:?,2:1,,1
2499,1:?,2:1,,1
2500,1:?,2:1,,1
